claim_id,score
WC711348,0.015268
WC711349,0.00072
WC711350,0.002037
WC711351,0.000201
WC711352,0.000153
WC711353,0.000155
WC711354,0.00215
WC711355,0.000309
WC711356,0.003153
WC711357,0.000131
WC711358,0.001407
WC711359,0.001691
WC711360,0.000157
WC711361,0.000137
WC711362,0.034588
WC711363,0.000147
WC711364,0.000402
WC711365,0.000277
WC711366,0.000188
WC711367,0.00149
WC711368,0.000203
WC711369,0.000456
WC711370,0.000946
WC711371,0.164355
WC711372,0.000121
WC711373,0.000538
WC711374,0.000165
WC711375,0.000293
WC711376,0.000151
WC711377,0.003646
WC711378,0.000176
WC711379,0.000242
WC711380,0.000148
WC711381,0.002835
WC711382,0.002778
WC711383,0.077992
WC711384,0.001066
WC711385,0.002833
WC711386,0.000367
WC711387,0.00038
WC711388,0.008745
WC711389,0.117136
WC711390,9.8e-05
WC711391,0.000309
WC711392,0.002018
WC711393,0.00081
WC711394,0.000428
WC711395,0.00023
WC711396,0.000247
WC711397,0.0004
WC711398,0.000294
WC711399,0.000199
WC711400,0.000265
WC711401,0.000168
WC711402,0.000138
WC711403,0.000209
WC711404,0.00019
WC711405,0.000184
WC711406,0.000652
WC711407,0.050668
WC711408,0.000182
WC711409,0.08391
WC711410,0.272236
WC711411,0.000183
WC711412,0.000202
WC711413,6.1e-05
WC711414,0.000198
WC711415,0.000268
WC711416,0.000322
WC711417,0.000392
WC711418,0.936539
WC711419,0.000204
WC711420,0.076521
WC711421,0.000199
WC711422,0.000113
WC711423,7.6e-05
WC711424,0.000378
WC711425,0.000337
WC711426,0.000258
WC711427,0.205876
WC711428,0.000145
WC711429,0.004793
WC711430,0.000194
WC711431,0.0002
WC711432,0.000146
WC711433,0.000205
WC711434,0.000183
WC711435,0.000171
WC711436,0.00158
WC711437,0.00028
WC711438,0.000224
WC711439,0.000448
WC711440,0.000118
WC711441,0.001643
WC711442,0.004561
WC711443,0.001669
WC711444,0.002931
WC711445,0.000175
WC711446,0.00015
WC711447,0.000531
WC711448,0.002772
WC711449,0.00263
WC711450,0.010303
WC711451,0.001039
WC711452,8.5e-05
WC711453,0.00048
WC711454,0.040871
WC711455,0.084945
WC711456,0.001655
WC711457,0.000448
WC711458,0.00025
WC711459,0.000475
WC711460,0.000426
WC711461,0.00021
WC711462,0.002043
WC711463,0.000255
WC711464,0.000293
WC711465,0.000206
WC711466,0.00043
WC711467,0.73535
WC711468,0.090112
WC711469,0.125721
WC711470,0.000165
WC711471,0.087319
WC711472,0.000243
WC711473,0.000108
WC711474,0.000163
WC711475,0.000168
WC711476,0.000144
WC711477,0.001993
WC711478,0.000293
WC711479,0.00813
WC711480,0.006358
WC711481,0.00018
WC711482,0.000447
WC711483,0.005966
WC711484,0.004604
WC711485,0.000264
WC711486,0.000124
WC711487,0.006824
WC711488,0.000155
WC711489,0.00015
WC711490,0.000296
WC711491,0.000279
WC711492,0.000218
WC711493,0.000307
WC711494,0.000131
WC711495,0.000207
WC711496,0.806552
WC711497,0.828113
WC711498,0.000316
WC711499,0.000475
WC711500,0.000176
WC711501,0.035527
WC711502,0.000169
WC711503,0.060009
WC711504,0.005143
WC711505,0.000221
WC711506,0.006293
WC711507,0.000215
WC711508,8.9e-05
WC711509,0.000162
WC711510,0.011198
WC711511,0.000205
WC711512,0.000451
WC711513,0.001461
WC711514,0.005803
WC711515,0.000116
WC711516,0.004159
WC711517,0.000178
WC711518,0.006696
WC711519,0.030677
WC711520,0.000189
WC711521,0.000267
WC711522,0.002023
WC711523,0.00021
WC711524,0.000211
WC711525,0.00019
WC711526,0.000278
WC711527,0.000327
WC711528,0.002419
WC711529,0.00181
WC711530,0.003287
WC711531,0.000321
WC711532,0.043034
WC711533,0.000142
WC711534,0.0039
WC711535,0.000134
WC711536,0.000171
WC711537,0.000314
WC711538,0.062767
WC711539,0.018113
WC711540,0.004527
WC711541,0.000228
WC711542,9.1e-05
WC711543,0.003678
WC711544,0.000145
WC711545,0.000142
WC711546,0.000209
WC711547,0.000194
WC711548,0.003675
WC711549,0.000189
WC711550,0.000678
WC711551,0.002804
WC711552,0.062978
WC711553,0.00016
WC711554,0.000386
WC711555,0.005693
WC711556,0.0001
WC711557,0.000164
WC711558,0.000162
WC711559,0.000175
WC711560,0.071625
WC711561,0.00021
WC711562,0.000341
WC711563,0.110156
WC711564,0.008182
WC711565,0.004582
WC711566,0.998751
WC711567,0.060546
WC711568,0.00017
WC711569,0.000119
WC711570,0.847155
WC711571,0.885104
WC711572,0.000885
WC711573,0.000487
WC711574,0.000438
WC711575,0.000179
WC711576,0.000676
WC711577,0.000222
WC711578,0.001211
WC711579,0.00014
WC711580,0.000877
WC711581,0.000285
WC711582,7.8e-05
WC711583,0.774389
WC711584,0.000556
WC711585,0.00021
WC711586,0.00314
WC711587,0.000284
WC711588,0.002606
WC711589,0.000316
WC711590,0.006851
WC711591,0.000148
WC711592,0.00015
WC711593,0.000235
WC711594,0.000278
WC711595,0.000591
WC711596,0.002469
WC711597,9.8e-05
WC711598,0.000633
WC711599,0.001832
WC711600,0.003085
WC711601,0.0008
WC711602,0.000206
WC711603,0.000201
WC711604,0.211403
WC711605,0.002626
WC711606,0.029034
WC711607,0.000302
WC711608,0.054113
WC711609,9e-05
WC711610,0.000634
WC711611,0.000103
WC711612,0.000342
WC711613,0.000157
WC711614,0.000162
WC711615,0.00224
WC711616,0.00012
WC711617,0.000151
WC711618,0.000205
WC711619,0.002489
WC711620,0.000161
WC711621,0.000176
WC711622,0.000242
WC711623,0.000757
WC711624,0.019245
WC711625,0.161462
WC711626,0.042122
WC711627,0.000199
WC711628,0.003489
WC711629,8.5e-05
WC711630,0.001068
WC711631,0.000135
WC711632,0.00466
WC711633,0.004459
WC711634,0.003709
WC711635,0.000151
WC711636,0.000113
WC711637,0.002322
WC711638,0.000123
WC711639,0.000198
WC711640,0.002997
WC711641,0.000117
WC711642,0.001457
WC711643,0.001709
WC711644,0.003356
WC711645,0.000292
WC711646,0.000209
WC711647,0.009356
WC711648,0.000181
WC711649,0.007829
WC711650,0.010457
WC711651,0.00015
WC711652,0.000159
WC711653,0.001558
WC711654,0.00021
WC711655,0.000203
WC711656,0.000139
WC711657,0.013315
WC711658,0.999566
WC711659,0.083602
WC711660,0.000646
WC711661,0.00059
WC711662,0.00017
WC711663,0.000192
WC711664,0.403293
WC711665,0.002726
WC711666,0.000147
WC711667,0.066282
WC711668,0.002703
WC711669,0.003812
WC711670,0.972556
WC711671,0.004362
WC711672,0.001536
WC711673,0.002018
WC711674,0.000173
WC711675,0.000214
WC711676,0.000419
WC711677,0.000118
WC711678,0.003276
WC711679,0.000175
WC711680,0.000217
WC711681,0.00277
WC711682,0.000321
WC711683,0.005295
WC711684,0.000168
WC711685,0.007015
WC711686,0.998246
WC711687,0.003125
WC711688,0.000261
WC711689,0.09303
WC711690,0.002053
WC711691,0.003348
WC711692,0.075434
WC711693,0.000194
WC711694,0.000187
WC711695,0.000219
WC711696,0.000138
WC711697,0.007225
WC711698,0.001507
WC711699,0.000161
WC711700,0.000243
WC711701,0.381657
WC711702,9.7e-05
WC711703,0.725963
WC711704,0.001077
WC711705,0.001932
WC711706,0.148571
WC711707,0.000112
WC711708,0.000408
WC711709,0.000168
WC711710,0.00069
WC711711,0.000617
WC711712,0.003888
WC711713,0.009487
WC711714,0.006057
WC711715,0.000417
WC711716,0.000148
WC711717,0.000763
WC711718,0.000162
WC711719,0.000102
WC711720,0.000185
WC711721,0.00201
WC711722,0.000176
WC711723,0.00066
WC711724,0.055726
WC711725,0.004991
WC711726,0.145673
WC711727,0.000338
WC711728,0.000155
WC711729,0.002909
WC711730,0.000304
WC711731,0.000162
WC711732,0.000182
WC711733,0.000385
WC711734,0.000215
WC711735,0.000259
WC711736,0.000123
WC711737,0.000354
WC711738,0.003596
WC711739,0.001003
WC711740,0.016891
WC711741,0.000238
WC711742,0.000153
WC711743,0.000103
WC711744,0.001355
WC711745,0.000483
WC711746,7.3e-05
WC711747,0.000199
WC711748,0.000288
WC711749,0.000127
WC711750,0.000331
WC711751,0.000193
WC711752,0.999541
WC711753,0.001656
WC711754,0.000157
WC711755,0.138395
WC711756,0.000189
WC711757,0.004074
WC711758,0.000141
WC711759,0.002015
WC711760,0.000428
WC711761,0.002816
WC711762,0.000207
WC711763,0.000112
WC711764,0.000254
WC711765,0.009042
WC711766,0.000177
WC711767,0.972334
WC711768,0.06956
WC711769,0.002343
WC711770,0.004677
WC711771,0.005143
WC711772,0.000144
WC711773,0.000537
WC711774,0.053093
WC711775,0.063992
WC711776,0.000268
WC711777,0.000354
WC711778,0.000171
WC711779,0.005105
WC711780,0.000434
WC711781,0.000169
WC711782,0.047663
WC711783,0.000191
WC711784,9.4e-05
WC711785,0.066331
WC711786,0.000243
WC711787,0.00053
WC711788,0.000259
WC711789,0.000118
WC711790,0.000496
WC711791,0.005731
WC711792,8.8e-05
WC711793,0.0001
WC711794,0.288428
WC711795,0.081105
WC711796,0.000103
WC711797,7.7e-05
WC711798,0.000115
WC711799,9.9e-05
WC711800,0.069855
WC711801,0.000314
WC711802,0.074935
WC711803,0.000382
WC711804,0.000107
WC711805,0.005407
WC711806,0.084293
WC711807,0.002953
WC711808,0.000151
WC711809,0.000299
WC711810,0.793277
WC711811,0.00602
WC711812,0.000376
WC711813,7.9e-05
WC711814,0.000162
WC711815,0.000192
WC711816,0.000123
WC711817,0.002491
WC711818,0.868754
WC711819,0.000205
WC711820,0.045434
WC711821,0.000239
WC711822,0.00042
WC711823,0.235966
WC711824,0.000132
WC711825,0.000183
WC711826,0.005067
WC711827,0.021069
WC711828,0.000339
WC711829,0.000134
WC711830,0.000183
WC711831,0.000119
WC711832,0.000167
WC711833,0.000162
WC711834,0.008671
WC711835,0.001519
WC711836,0.00023
WC711837,0.000217
WC711838,0.000101
WC711839,0.000222
WC711840,0.000426
WC711841,0.000139
WC711842,5.1e-05
WC711843,0.000581
WC711844,0.000214
WC711845,0.000448
WC711846,0.000948
WC711847,0.000486
WC711848,0.004803
WC711849,0.000141
WC711850,0.000177
WC711851,0.000192
WC711852,0.000205
WC711853,0.000143
WC711854,0.000329
WC711855,0.007862
WC711856,0.000342
WC711857,0.000279
WC711858,0.002595
WC711859,0.000169
WC711860,0.220356
WC711861,0.754569
WC711862,0.005677
WC711863,0.000356
WC711864,0.000168
WC711865,0.088646
WC711866,0.002496
WC711867,0.098144
WC711868,0.000215
WC711869,0.004981
WC711870,0.000386
WC711871,0.001576
WC711872,0.003571
WC711873,8.6e-05
WC711874,0.005064
WC711875,0.000535
WC711876,0.000118
WC711877,0.000222
WC711878,0.000128
WC711879,0.020284
WC711880,0.000127
WC711881,0.000172
WC711882,0.000147
WC711883,0.000199
WC711884,0.000389
WC711885,0.000555
WC711886,0.002936
WC711887,0.993506
WC711888,0.090196
WC711889,0.00017
WC711890,0.000164
WC711891,0.002974
WC711892,0.000244
WC711893,0.000212
WC711894,0.000647
WC711895,0.000266
WC711896,0.000179
WC711897,0.10799
WC711898,0.000305
WC711899,0.00019
WC711900,0.000187
WC711901,0.002762
WC711902,0.000152
WC711903,0.000162
WC711904,0.000228
WC711905,0.000301
WC711906,0.000176
WC711907,0.768766
WC711908,0.92601
WC711909,0.000424
WC711910,0.000151
WC711911,0.002798
WC711912,0.000198
WC711913,0.000306
WC711914,0.016105
WC711915,0.000301
WC711916,0.000125
WC711917,0.066593
WC711918,0.000293
WC711919,9.3e-05
WC711920,0.000202
WC711921,8.9e-05
WC711922,0.006082
WC711923,0.000293
WC711924,0.00489
WC711925,0.059973
WC711926,0.000254
WC711927,0.00026
WC711928,0.00015
WC711929,0.007528
WC711930,0.008291
WC711931,0.000529
WC711932,0.000956
WC711933,0.000259
WC711934,0.000503
WC711935,0.998268
WC711936,0.000293
WC711937,0.000172
WC711938,0.000628
WC711939,0.000649
WC711940,0.000195
WC711941,0.000228
WC711942,0.000208
WC711943,0.000311
WC711944,0.000529
WC711945,0.002227
WC711946,0.963514
WC711947,0.000175
WC711948,0.001054
WC711949,0.008619
WC711950,0.958427
WC711951,0.000179
WC711952,0.00254
WC711953,0.000145
WC711954,0.000104
WC711955,0.016793
WC711956,0.00018
WC711957,0.000217
WC711958,0.07222
WC711959,0.00022
WC711960,0.000487
WC711961,0.000236
WC711962,0.000294
WC711963,0.30577
WC711964,0.002042
WC711965,0.000193
WC711966,0.002221
WC711967,0.000265
WC711968,0.001508
WC711969,0.000199
WC711970,0.000261
WC711971,0.00028
WC711972,0.000215
WC711973,0.002424
WC711974,0.000142
WC711975,0.000183
WC711976,0.213633
WC711977,0.003114
WC711978,0.000161
WC711979,0.002871
WC711980,0.002123
WC711981,0.000116
WC711982,0.000193
WC711983,0.008904
WC711984,0.806552
WC711985,0.000245
WC711986,0.000131
WC711987,0.048336
WC711988,0.000174
WC711989,0.00023
WC711990,0.000139
WC711991,0.095
WC711992,0.005285
WC711993,0.000233
WC711994,8.3e-05
WC711995,0.000247
WC711996,0.047254
WC711997,0.000128
WC711998,0.003323
WC711999,0.000187
WC712000,0.40823
WC712001,0.000246
WC712002,0.00015
WC712003,0.000264
WC712004,0.006701
WC712005,9e-05
WC712006,0.000283
WC712007,0.001768
WC712008,0.255666
WC712009,0.000119
WC712010,0.000171
WC712011,0.0073
WC712012,0.998333
WC712013,0.000171
WC712014,9.9e-05
WC712015,0.095308
WC712016,0.000175
WC712017,9.2e-05
WC712018,0.000343
WC712019,7.6e-05
WC712020,0.000172
WC712021,0.173661
WC712022,0.000128
WC712023,0.000203
WC712024,0.000233
WC712025,0.074206
WC712026,0.000468
WC712027,0.978746
WC712028,0.006402
WC712029,5.2e-05
WC712030,0.000147
WC712031,0.005097
WC712032,0.000266
WC712033,0.000176
WC712034,0.000238
WC712035,9.8e-05
WC712036,0.00022
WC712037,0.000201
WC712038,0.000191
WC712039,0.108797
WC712040,0.000242
WC712041,0.004309
WC712042,0.000235
WC712043,0.008648
WC712044,0.000109
WC712045,0.000201
WC712046,0.000249
WC712047,0.001212
WC712048,0.002727
WC712049,0.000599
WC712050,0.00013
WC712051,0.001298
WC712052,0.000172
WC712053,0.000575
WC712054,0.000293
WC712055,0.000329
WC712056,0.000113
WC712057,0.260799
WC712058,0.015258
WC712059,0.00016
WC712060,0.000105
WC712061,0.005102
WC712062,0.004801
WC712063,0.003419
WC712064,0.00027
WC712065,0.003127
WC712066,0.000144
WC712067,0.146225
WC712068,0.00025
WC712069,0.000206
WC712070,0.000343
WC712071,0.003302
WC712072,0.000142
WC712073,0.363477
WC712074,0.004011
WC712075,0.003674
WC712076,0.220295
WC712077,0.003482
WC712078,0.000244
WC712079,0.000294
WC712080,0.061035
WC712081,0.004213
WC712082,0.000122
WC712083,0.001325
WC712084,0.00491
WC712085,0.000148
WC712086,0.000243
WC712087,0.000536
WC712088,0.000126
WC712089,0.002654
WC712090,0.000195
WC712091,0.06274
WC712092,0.951694
WC712093,0.000252
WC712094,0.000249
WC712095,0.000188
WC712096,0.000138
WC712097,0.013978
WC712098,0.000149
WC712099,0.006757
WC712100,0.000289
WC712101,0.000399
WC712102,0.000506
WC712103,0.00047
WC712104,0.000926
WC712105,0.000134
WC712106,0.000204
WC712107,0.000281
WC712108,9e-05
WC712109,0.000211
WC712110,0.318822
WC712111,0.000245
WC712112,0.000185
WC712113,0.000141
WC712114,0.000213
WC712115,0.000179
WC712116,0.000184
WC712117,0.001131
WC712118,0.000106
WC712119,0.131549
WC712120,0.000398
WC712121,0.000558
WC712122,0.001494
WC712123,0.000205
WC712124,0.000106
WC712125,0.000176
WC712126,0.000132
WC712127,0.003341
WC712128,0.898559
WC712129,0.004055
WC712130,0.000428
WC712131,0.0001
WC712132,0.002132
WC712133,0.013398
WC712134,0.000339
WC712135,0.007389
WC712136,0.000177
WC712137,0.000316
WC712138,0.168704
WC712139,0.000167
WC712140,0.000429
WC712141,0.011196
WC712142,0.000242
WC712143,0.000136
WC712144,0.001853
WC712145,0.000204
WC712146,0.008346
WC712147,9e-05
WC712148,0.001807
WC712149,0.002365
WC712150,0.000138
WC712151,0.000156
WC712152,0.073643
WC712153,0.000112
WC712154,0.000183
WC712155,0.005639
WC712156,0.087253
WC712157,0.00555
WC712158,0.002246
WC712159,0.181763
WC712160,0.004017
WC712161,0.003802
WC712162,0.00557
WC712163,0.024462
WC712164,0.001674
WC712165,0.020645
WC712166,0.003264
WC712167,0.000511
WC712168,0.000162
WC712169,0.000444
WC712170,0.000188
WC712171,0.000267
WC712172,0.216648
WC712173,0.133691
WC712174,0.067853
WC712175,0.042975
WC712176,0.004165
WC712177,0.00021
WC712178,0.006649
WC712179,0.00019
WC712180,0.949898
WC712181,0.000478
WC712182,0.000182
WC712183,0.002394
WC712184,0.053977
WC712185,0.221595
WC712186,0.963514
WC712187,0.074027
WC712188,0.004892
WC712189,0.000305
WC712190,0.000171
WC712191,0.002246
WC712192,0.000281
WC712193,0.00019
WC712194,8.9e-05
WC712195,0.000387
WC712196,0.00146
WC712197,0.000166
WC712198,0.004255
WC712199,0.000289
WC712200,0.002293
WC712201,0.000288
WC712202,0.001545
WC712203,0.000734
WC712204,0.00557
WC712205,0.000167
WC712206,0.021512
WC712207,0.00196
WC712208,0.000258
WC712209,0.000211
WC712210,0.000473
WC712211,0.000177
WC712212,0.000239
WC712213,0.001092
WC712214,0.000858
WC712215,9.5e-05
WC712216,0.000156
WC712217,0.000357
WC712218,0.005548
WC712219,0.000671
WC712220,0.000343
WC712221,0.000138
WC712222,0.046215
WC712223,0.002849
WC712224,0.004652
WC712225,0.00035
WC712226,0.998743
WC712227,0.211483
WC712228,0.688444
WC712229,0.003942
WC712230,0.000631
WC712231,0.000177
WC712232,0.06791
WC712233,0.000175
WC712234,0.22084
WC712235,0.000112
WC712236,0.0001
WC712237,0.000223
WC712238,0.000218
WC712239,0.09813
WC712240,0.000168
WC712241,0.000264
WC712242,0.000205
WC712243,0.000268
WC712244,0.000338
WC712245,0.000233
WC712246,0.000218
WC712247,0.00216
WC712248,0.000193
WC712249,0.000254
WC712250,0.08732
WC712251,0.000253
WC712252,0.778915
WC712253,0.00023
WC712254,0.979675
WC712255,0.007891
WC712256,0.00013
WC712257,0.000361
WC712258,0.000191
WC712259,0.000117
WC712260,0.000142
WC712261,0.00018
WC712262,0.000355
WC712263,9.7e-05
WC712264,0.00255
WC712265,0.000501
WC712266,0.000847
WC712267,0.000403
WC712268,0.003487
WC712269,0.001659
WC712270,9e-05
WC712271,0.314674
WC712272,0.000204
WC712273,0.134867
WC712274,0.00711
WC712275,0.000255
WC712276,0.000438
WC712277,0.002152
WC712278,0.000118
WC712279,0.000731
WC712280,0.000138
WC712281,0.005606
WC712282,0.000413
WC712283,0.071938
WC712284,0.002343
WC712285,0.003267
WC712286,0.000123
WC712287,0.000158
WC712288,0.001015
WC712289,0.18072
WC712290,0.022185
WC712291,0.001879
WC712292,0.000242
WC712293,0.000153
WC712294,0.187622
WC712295,0.00173
WC712296,0.000163
WC712297,0.000428
WC712298,9.4e-05
WC712299,0.00018
WC712300,0.002498
WC712301,0.000644
WC712302,0.001436
WC712303,0.000705
WC712304,0.001086
WC712305,0.00203
WC712306,0.000293
WC712307,0.000101
WC712308,0.399948
WC712309,0.002097
WC712310,0.006935
WC712311,0.000354
WC712312,0.000961
WC712313,0.000144
WC712314,0.006329
WC712315,0.00024
WC712316,0.00021
WC712317,0.000218
WC712318,0.049442
WC712319,0.00012
WC712320,0.109237
WC712321,0.000145
WC712322,0.000391
WC712323,0.000137
WC712324,0.000431
WC712325,0.001974
WC712326,0.000426
WC712327,0.002604
WC712328,0.003695
WC712329,0.998838
WC712330,0.086782
WC712331,0.003647
WC712332,9.8e-05
WC712333,0.000293
WC712334,0.113526
WC712335,9.1e-05
WC712336,0.000284
WC712337,0.000575
WC712338,0.000116
WC712339,0.00018
WC712340,0.001674
WC712341,0.000176
WC712342,0.000486
WC712343,0.00013
WC712344,0.000199
WC712345,0.000338
WC712346,0.000671
WC712347,0.79008
WC712348,0.003902
WC712349,0.000181
WC712350,0.000126
WC712351,0.000158
WC712352,0.000208
WC712353,0.000205
WC712354,0.08143
WC712355,0.003764
WC712356,0.04633
WC712357,0.001627
WC712358,0.972827
WC712359,0.000191
WC712360,0.000128
WC712361,0.000112
WC712362,0.000521
WC712363,8.2e-05
WC712364,0.073874
WC712365,0.091882
WC712366,0.00778
WC712367,0.000574
WC712368,0.000847
WC712369,0.000147
WC712370,0.022658
WC712371,0.005484
WC712372,0.003586
WC712373,0.002019
WC712374,0.000151
WC712375,0.000769
WC712376,0.000132
WC712377,0.000161
WC712378,0.272479
WC712379,0.002053
WC712380,0.849214
WC712381,0.216661
WC712382,0.100531
WC712383,0.003562
WC712384,0.00018
WC712385,0.003598
WC712386,0.00469
WC712387,0.000202
WC712388,0.000199
WC712389,0.000734
WC712390,0.000214
WC712391,0.057465
WC712392,0.000157
WC712393,0.000256
WC712394,0.010211
WC712395,0.000183
WC712396,0.000141
WC712397,0.132366
WC712398,0.000126
WC712399,0.004047
WC712400,0.953312
WC712401,0.000492
WC712402,0.40823
WC712403,0.000201
WC712404,0.000177
WC712405,0.01619
WC712406,0.000171
WC712407,0.000146
WC712408,0.000388
WC712409,0.000241
WC712410,0.000183
WC712411,0.000133
WC712412,0.080957
WC712413,0.000393
WC712414,0.000192
WC712415,0.000291
WC712416,0.000277
WC712417,0.000102
WC712418,0.00072
WC712419,0.000373
WC712420,0.000161
WC712421,0.000143
WC712422,0.000177
WC712423,0.000952
WC712424,7.5e-05
WC712425,0.275075
WC712426,0.006962
WC712427,0.004875
WC712428,0.000143
WC712429,0.005065
WC712430,0.000166
WC712431,0.001427
WC712432,0.000506
WC712433,0.001515
WC712434,0.005911
WC712435,0.55541
WC712436,0.002516
WC712437,0.00015
WC712438,0.002518
WC712439,0.000118
WC712440,0.000203
WC712441,0.005235
WC712442,0.000563
WC712443,0.006963
WC712444,0.000159
WC712445,0.000114
WC712446,0.000211
WC712447,0.000103
WC712448,0.000765
WC712449,0.000195
WC712450,0.00587
WC712451,0.000766
WC712452,0.057811
WC712453,0.000564
WC712454,0.00313
WC712455,0.001931
WC712456,0.003952
WC712457,0.000196
WC712458,0.000465
WC712459,0.002362
WC712460,0.000181
WC712461,0.000973
WC712462,0.000143
WC712463,0.000124
WC712464,0.000158
WC712465,0.195249
WC712466,0.000176
WC712467,0.010127
WC712468,0.000322
WC712469,0.000155
WC712470,0.000189
WC712471,0.000206
WC712472,0.000239
WC712473,0.000242
WC712474,0.000229
WC712475,0.002805
WC712476,0.00018
WC712477,0.999873
WC712478,0.289317
WC712479,0.000167
WC712480,0.078558
WC712481,0.000213
WC712482,0.071071
WC712483,0.000154
WC712484,0.000218
WC712485,0.001848
WC712486,0.445956
WC712487,0.000273
WC712488,0.00074
WC712489,0.004593
WC712490,0.00013
WC712491,0.143656
WC712492,0.000113
WC712493,0.862106
WC712494,0.000116
WC712495,0.002924
WC712496,0.007065
WC712497,0.000126
WC712498,0.000357
WC712499,0.000269
WC712500,0.000226
WC712501,0.000294
WC712502,0.000194
WC712503,0.000293
WC712504,0.000291
WC712505,0.000805
WC712506,0.010694
WC712507,0.00018
WC712508,0.082458
WC712509,0.002212
WC712510,0.093025
WC712511,0.00019
WC712512,0.000191
WC712513,0.000303
WC712514,0.000121
WC712515,0.001263
WC712516,0.002344
WC712517,0.000227
WC712518,0.000308
WC712519,0.044631
WC712520,0.004393
WC712521,0.002882
WC712522,0.000216
WC712523,0.000128
WC712524,0.000188
WC712525,0.000639
WC712526,0.145423
WC712527,0.000747
WC712528,0.000153
WC712529,0.003333
WC712530,0.006234
WC712531,0.000246
WC712532,0.000186
WC712533,0.000629
WC712534,0.004255
WC712535,0.055801
WC712536,0.000206
WC712537,0.000496
WC712538,0.232952
WC712539,0.00027
WC712540,0.004368
WC712541,9.7e-05
WC712542,0.009011
WC712543,0.000202
WC712544,0.001903
WC712545,0.001587
WC712546,0.16501
WC712547,0.00723
WC712548,0.000226
WC712549,0.000138
WC712550,0.000116
WC712551,0.000101
WC712552,0.000618
WC712553,0.000264
WC712554,0.000441
WC712555,9.4e-05
WC712556,0.216621
WC712557,0.000375
WC712558,0.000114
WC712559,0.00015
WC712560,0.000267
WC712561,0.003139
WC712562,0.000179
WC712563,0.000274
WC712564,0.000232
WC712565,0.000182
WC712566,0.006132
WC712567,0.019677
WC712568,0.000304
WC712569,0.109629
WC712570,0.003565
WC712571,0.000199
WC712572,0.000118
WC712573,0.003422
WC712574,0.000293
WC712575,0.00062
WC712576,0.000179
WC712577,0.005633
WC712578,0.920157
WC712579,0.000705
WC712580,0.000834
WC712581,0.000413
WC712582,0.000169
WC712583,0.000189
WC712584,0.000731
WC712585,0.000215
WC712586,0.000112
WC712587,0.005109
WC712588,0.003503
WC712589,0.000447
WC712590,0.00183
WC712591,0.060995
WC712592,0.00268
WC712593,0.000514
WC712594,0.000137
WC712595,0.000639
WC712596,0.000136
WC712597,0.000141
WC712598,0.000165
WC712599,0.000293
WC712600,0.000139
WC712601,0.000172
WC712602,0.000218
WC712603,0.002814
WC712604,0.000612
WC712605,0.000367
WC712606,0.000105
WC712607,0.000244
WC712608,0.000156
WC712609,0.000509
WC712610,0.001088
WC712611,0.004395
WC712612,0.000278
WC712613,0.000633
WC712614,8.9e-05
WC712615,0.00018
WC712616,0.000431
WC712617,0.000476
WC712618,0.000152
WC712619,0.000114
WC712620,0.000311
WC712621,8.6e-05
WC712622,0.008177
WC712623,0.00012
WC712624,0.066264
WC712625,6e-05
WC712626,0.001905
WC712627,9.7e-05
WC712628,0.000268
WC712629,0.000185
WC712630,0.085149
WC712631,0.000161
WC712632,0.000168
WC712633,0.000633
WC712634,0.000541
WC712635,0.000206
WC712636,9.2e-05
WC712637,8.7e-05
WC712638,0.000152
WC712639,0.00013
WC712640,0.977402
WC712641,0.000178
WC712642,0.002995
WC712643,0.00026
WC712644,0.207562
WC712645,0.000199
WC712646,0.000124
WC712647,0.000119
WC712648,0.000386
WC712649,0.000106
WC712650,0.000122
WC712651,0.000184
WC712652,0.000115
WC712653,0.000125
WC712654,0.000124
WC712655,0.008227
WC712656,0.000129
WC712657,0.002336
WC712658,0.000506
WC712659,0.999755
WC712660,0.002381
WC712661,0.062889
WC712662,0.002152
WC712663,0.000574
WC712664,0.002317
WC712665,0.004993
WC712666,0.002461
WC712667,0.000731
WC712668,0.000214
WC712669,0.999883
WC712670,0.000168
WC712671,0.000292
WC712672,0.000157
WC712673,0.00022
WC712674,0.002084
WC712675,0.000294
WC712676,0.100464
WC712677,0.000155
WC712678,0.000253
WC712679,0.000119
WC712680,0.000475
WC712681,0.000196
WC712682,0.012224
WC712683,0.000133
WC712684,0.000145
WC712685,0.000191
WC712686,0.0077
WC712687,0.000121
WC712688,0.000141
WC712689,0.000534
WC712690,0.007454
WC712691,0.000158
WC712692,0.852431
WC712693,0.001188
WC712694,9.8e-05
WC712695,0.000215
WC712696,5.6e-05
WC712697,0.357059
WC712698,0.000361
WC712699,0.000159
WC712700,0.00026
WC712701,0.007796
WC712702,0.042203
WC712703,0.000131
WC712704,0.007407
WC712705,0.000232
WC712706,0.00015
WC712707,0.000423
WC712708,0.00013
WC712709,0.083901
WC712710,0.002349
WC712711,0.003101
WC712712,0.051811
WC712713,0.000279
WC712714,0.000159
WC712715,0.104442
WC712716,0.001911
WC712717,0.008334
WC712718,0.000625
WC712719,0.000458
WC712720,0.000466
WC712721,0.928745
WC712722,0.000192
WC712723,0.00019
WC712724,0.906413
WC712725,0.000175
WC712726,0.00411
WC712727,0.002006
WC712728,0.000233
WC712729,0.007325
WC712730,0.000661
WC712731,0.000264
WC712732,7e-05
WC712733,0.000182
WC712734,0.75473
WC712735,0.999745
WC712736,0.000136
WC712737,0.000201
WC712738,0.000446
WC712739,0.848185
WC712740,0.002565
WC712741,0.000309
WC712742,0.035477
WC712743,0.00021
WC712744,0.000222
WC712745,0.000193
WC712746,0.000123
WC712747,0.000203
WC712748,0.055409
WC712749,0.178912
WC712750,0.001952
WC712751,0.21199
WC712752,0.00731
WC712753,0.000463
WC712754,0.683695
WC712755,0.000158
WC712756,0.00022
WC712757,0.000165
WC712758,0.000351
WC712759,0.000194
WC712760,0.000709
WC712761,0.004497
WC712762,0.000327
WC712763,0.0006
WC712764,0.00012
WC712765,0.000177
WC712766,0.001264
WC712767,0.00142
WC712768,0.098849
WC712769,0.000413
WC712770,0.000422
WC712771,0.000206
WC712772,0.0003
WC712773,0.002648
WC712774,0.000127
WC712775,0.000211
WC712776,0.357049
WC712777,0.020888
WC712778,0.000201
WC712779,0.000225
WC712780,0.999797
WC712781,0.000215
WC712782,0.000157
WC712783,0.000184
WC712784,0.000357
WC712785,0.00048
WC712786,0.958621
WC712787,0.006663
WC712788,0.027646
WC712789,0.00021
WC712790,0.006402
WC712791,0.0038
WC712792,0.000199
WC712793,0.000172
WC712794,0.000232
WC712795,0.000157
WC712796,0.000343
WC712797,0.003257
WC712798,0.000131
WC712799,0.000129
WC712800,0.000438
WC712801,0.586939
WC712802,0.000108
WC712803,0.000102
WC712804,0.000202
WC712805,0.000172
WC712806,0.291203
WC712807,0.000196
WC712808,0.000228
WC712809,0.000213
WC712810,0.176094
WC712811,0.000141
WC712812,0.806552
WC712813,0.30908
WC712814,0.00041
WC712815,0.00027
WC712816,0.000137
WC712817,0.000184
WC712818,0.003988
WC712819,0.005074
WC712820,0.007372
WC712821,0.000929
WC712822,0.000274
WC712823,0.000183
WC712824,0.00205
WC712825,0.000109
WC712826,0.000141
WC712827,0.000495
WC712828,0.000247
WC712829,0.000281
WC712830,0.000216
WC712831,0.000249
WC712832,0.773341
WC712833,0.18671
WC712834,0.000206
WC712835,0.069789
WC712836,0.000137
WC712837,0.002452
WC712838,0.000218
WC712839,0.001934
WC712840,0.071124
WC712841,0.006141
WC712842,0.000249
WC712843,0.000362
WC712844,0.164924
WC712845,0.000153
WC712846,0.000311
WC712847,0.000123
WC712848,0.003154
WC712849,0.000223
WC712850,0.000156
WC712851,0.000437
WC712852,0.000527
WC712853,0.000401
WC712854,0.000348
WC712855,0.17747
WC712856,0.007385
WC712857,0.000152
WC712858,0.000246
WC712859,0.000281
WC712860,0.000185
WC712861,0.008068
WC712862,0.000198
WC712863,0.00017
WC712864,0.000425
WC712865,0.000138
WC712866,0.000374
WC712867,0.000199
WC712868,0.020359
WC712869,0.000185
WC712870,0.000417
WC712871,0.002163
WC712872,0.000197
WC712873,0.000152
WC712874,0.003682
WC712875,0.000105
WC712876,0.000185
WC712877,0.006966
WC712878,0.000369
WC712879,0.000144
WC712880,0.109082
WC712881,0.003571
WC712882,0.00071
WC712883,0.001525
WC712884,0.000204
WC712885,0.010815
WC712886,0.080584
WC712887,0.000788
WC712888,0.000177
WC712889,0.002642
WC712890,0.000271
WC712891,0.00243
WC712892,0.167363
WC712893,0.001305
WC712894,0.000224
WC712895,0.182505
WC712896,0.063291
WC712897,0.000206
WC712898,0.000981
WC712899,0.080418
WC712900,0.242043
WC712901,0.167056
WC712902,0.000225
WC712903,0.007233
WC712904,0.000191
WC712905,0.000224
WC712906,0.000266
WC712907,0.95046
WC712908,0.000196
WC712909,0.000176
WC712910,0.019074
WC712911,0.00018
WC712912,0.000205
WC712913,0.000643
WC712914,0.000194
WC712915,0.00404
WC712916,0.101913
WC712917,6.8e-05
WC712918,0.998728
WC712919,0.017502
WC712920,0.029214
WC712921,0.977921
WC712922,0.062279
WC712923,0.000343
WC712924,0.000281
WC712925,0.000195
WC712926,0.181941
WC712927,0.00021
WC712928,0.122454
WC712929,0.000148
WC712930,0.060111
WC712931,0.002231
WC712932,0.000146
WC712933,0.131867
WC712934,0.000156
WC712935,0.001675
WC712936,0.001549
WC712937,0.000525
WC712938,0.893133
WC712939,8.1e-05
WC712940,0.000193
WC712941,0.001327
WC712942,0.000175
WC712943,0.098231
WC712944,0.000531
WC712945,0.000124
WC712946,0.000289
WC712947,0.000858
WC712948,0.00014
WC712949,0.000162
WC712950,0.003178
WC712951,0.074536
WC712952,0.000189
WC712953,0.000108
WC712954,0.000403
WC712955,0.170796
WC712956,0.222766
WC712957,0.00612
WC712958,0.000242
WC712959,0.002905
WC712960,0.002173
WC712961,7e-05
WC712962,0.005446
WC712963,0.000219
WC712964,0.000316
WC712965,0.000134
WC712966,0.000496
WC712967,0.000158
WC712968,9.6e-05
WC712969,0.000212
WC712970,0.000249
WC712971,0.002853
WC712972,0.963514
WC712973,0.001913
WC712974,0.148463
WC712975,0.000237
WC712976,0.004371
WC712977,0.001246
WC712978,0.117136
WC712979,0.117136
WC712980,0.000293
WC712981,0.00638
WC712982,0.107383
WC712983,8e-05
WC712984,0.000148
WC712985,0.000592
WC712986,0.000137
WC712987,0.000471
WC712988,0.002151
WC712989,0.000199
WC712990,0.331442
WC712991,0.001813
WC712992,0.000488
WC712993,0.001734
WC712994,0.000132
WC712995,0.092695
WC712996,0.000198
WC712997,0.000204
WC712998,0.00018
WC712999,0.007685
WC713000,0.060057
WC713001,0.000274
WC713002,0.003739
WC713003,0.000137
WC713004,0.000487
WC713005,0.00014
WC713006,0.000293
WC713007,0.000187
WC713008,0.000207
WC713009,0.000215
WC713010,0.002688
WC713011,0.000392
WC713012,0.005556
WC713013,0.009802
WC713014,0.00209
WC713015,0.000173
WC713016,0.056702
WC713017,0.000568
WC713018,0.000156
WC713019,0.000227
WC713020,0.999539
WC713021,0.000112
WC713022,0.000859
WC713023,0.011498
WC713024,0.004263
WC713025,0.001704
WC713026,0.000164
WC713027,0.126925
WC713028,0.102791
WC713029,0.872599
WC713030,0.000431
WC713031,0.009109
WC713032,0.053874
WC713033,0.003669
WC713034,0.000844
WC713035,0.003038
WC713036,0.186466
WC713037,0.000148
WC713038,0.00041
WC713039,0.000354
WC713040,0.975287
WC713041,0.000105
WC713042,0.006044
WC713043,0.000395
WC713044,0.000288
WC713045,9.3e-05
WC713046,0.002649
WC713047,0.005356
WC713048,0.222107
WC713049,0.000127
WC713050,0.000409
WC713051,0.000675
WC713052,0.758184
WC713053,0.000493
WC713054,0.00019
WC713055,0.000144
WC713056,0.978667
WC713057,0.093547
WC713058,0.897097
WC713059,0.00097
WC713060,0.000453
WC713061,0.000151
WC713062,0.00025
WC713063,0.004754
WC713064,0.00011
WC713065,0.000183
WC713066,0.000144
WC713067,0.000147
WC713068,0.058832
WC713069,0.004069
WC713070,0.00423
WC713071,0.188629
WC713072,0.000469
WC713073,0.000479
WC713074,0.000258
WC713075,0.000743
WC713076,0.000187
WC713077,0.010851
WC713078,0.000206
WC713079,0.033673
WC713080,0.002992
WC713081,0.000317
WC713082,0.00018
WC713083,0.000473
WC713084,0.000141
WC713085,0.000127
WC713086,0.000207
WC713087,0.000141
WC713088,0.001996
WC713089,0.000355
WC713090,0.002211
WC713091,0.00019
WC713092,0.001759
WC713093,6.1e-05
WC713094,0.000179
WC713095,0.000111
WC713096,0.000159
WC713097,0.000334
WC713098,0.976055
WC713099,0.00024
WC713100,0.000582
WC713101,0.00011
WC713102,0.00013
WC713103,0.003936
WC713104,0.968652
WC713105,0.000118
WC713106,0.083901
WC713107,0.000155
WC713108,0.003497
WC713109,0.000113
WC713110,0.000502
WC713111,0.000283
WC713112,0.000115
WC713113,0.000111
WC713114,0.003329
WC713115,0.002115
WC713116,0.002814
WC713117,0.948286
WC713118,0.999203
WC713119,0.000382
WC713120,0.063544
WC713121,0.002865
WC713122,0.952739
WC713123,0.000231
WC713124,0.001425
WC713125,0.000133
WC713126,0.000143
WC713127,0.000194
WC713128,0.000142
WC713129,0.000206
WC713130,0.005372
WC713131,0.000264
WC713132,0.003121
WC713133,0.000246
WC713134,0.170428
WC713135,0.000143
WC713136,0.054853
WC713137,0.000425
WC713138,0.000177
WC713139,0.000141
WC713140,0.781166
WC713141,0.000295
WC713142,0.001886
WC713143,0.002896
WC713144,0.000212
WC713145,0.003792
WC713146,0.004626
WC713147,0.091071
WC713148,0.000185
WC713149,0.000199
WC713150,0.000716
WC713151,0.003558
WC713152,0.006785
WC713153,0.003191
WC713154,0.000135
WC713155,0.356623
WC713156,0.000314
WC713157,0.120009
WC713158,0.007826
WC713159,0.075427
WC713160,0.226747
WC713161,0.000253
WC713162,0.000141
WC713163,0.000449
WC713164,0.000107
WC713165,0.000113
WC713166,9.7e-05
WC713167,0.000176
WC713168,0.001773
WC713169,0.001812
WC713170,5.2e-05
WC713171,9.4e-05
WC713172,0.001767
WC713173,9.3e-05
WC713174,0.000441
WC713175,0.00035
WC713176,0.000227
WC713177,0.000249
WC713178,8.7e-05
WC713179,0.000195
WC713180,0.011051
WC713181,0.000401
WC713182,0.004064
WC713183,0.000576
WC713184,0.000195
WC713185,0.000194
WC713186,0.002067
WC713187,0.000574
WC713188,0.000211
WC713189,0.000306
WC713190,7.9e-05
WC713191,0.998827
WC713192,0.000205
WC713193,0.093671
WC713194,0.000533
WC713195,5.4e-05
WC713196,0.093115
WC713197,0.000484
WC713198,0.004319
WC713199,0.005406
WC713200,0.000461
WC713201,0.000159
WC713202,0.002355
WC713203,0.000246
WC713204,0.00021
WC713205,0.199288
WC713206,0.00017
WC713207,0.000208
WC713208,0.000152
WC713209,9.7e-05
WC713210,0.007179
WC713211,0.001206
WC713212,0.00015
WC713213,0.13982
WC713214,0.000123
WC713215,0.000335
WC713216,0.000293
WC713217,0.000503
WC713218,0.000165
WC713219,0.000203
WC713220,0.000301
WC713221,0.000123
WC713222,0.990058
WC713223,0.997865
WC713224,0.994201
WC713225,0.000671
WC713226,0.000877
WC713227,0.000584
WC713228,0.000234
WC713229,0.055483
WC713230,0.000425
WC713231,0.002879
WC713232,0.00015
WC713233,0.000343
WC713234,0.002971
WC713235,0.000293
WC713236,0.000242
WC713237,0.000143
WC713238,0.127682
WC713239,0.000134
WC713240,0.002736
WC713241,0.000262
WC713242,0.001892
WC713243,0.000162
WC713244,0.000534
WC713245,0.000134
WC713246,0.000253
WC713247,0.000149
WC713248,0.000152
WC713249,0.00019
WC713250,0.00325
WC713251,0.000127
WC713252,0.002628
WC713253,0.000234
WC713254,7.5e-05
WC713255,0.07015
WC713256,0.000127
WC713257,0.000724
WC713258,0.003779
WC713259,0.00019
WC713260,0.110387
WC713261,0.000193
WC713262,0.204827
WC713263,0.000319
WC713264,0.000629
WC713265,0.000266
WC713266,0.000371
WC713267,0.010285
WC713268,0.000168
WC713269,0.001777
WC713270,0.000251
WC713271,0.000204
WC713272,0.000162
WC713273,7.9e-05
WC713274,0.00531
WC713275,0.00705
WC713276,0.000225
WC713277,0.000125
WC713278,0.10033
WC713279,0.005685
WC713280,0.002589
WC713281,0.000361
WC713282,0.002216
WC713283,0.088582
WC713284,0.000191
WC713285,0.000264
WC713286,0.001019
WC713287,0.005428
WC713288,0.000157
WC713289,0.375297
WC713290,7.7e-05
WC713291,0.0001
WC713292,0.222766
WC713293,0.000146
WC713294,0.000333
WC713295,0.000137
WC713296,0.000229
WC713297,0.0001
WC713298,0.000135
WC713299,0.000151
WC713300,0.157841
WC713301,0.000729
WC713302,0.000261
WC713303,0.00017
WC713304,0.169076
WC713305,0.000351
WC713306,0.004797
WC713307,0.002314
WC713308,0.000168
WC713309,0.000126
WC713310,0.004443
WC713311,0.000911
WC713312,0.000223
WC713313,0.000633
WC713314,0.0005
WC713315,0.108862
WC713316,0.075979
WC713317,0.000417
WC713318,0.096631
WC713319,0.000237
WC713320,0.004247
WC713321,0.003986
WC713322,0.001824
WC713323,0.000124
WC713324,8.8e-05
WC713325,0.222766
WC713326,8.8e-05
WC713327,8.5e-05
WC713328,0.000613
WC713329,0.000261
WC713330,0.160207
WC713331,0.2118
WC713332,0.006033
WC713333,0.000279
WC713334,0.054961
WC713335,0.000291
WC713336,0.000309
WC713337,0.000127
WC713338,0.00021
WC713339,0.000161
WC713340,0.067854
WC713341,0.000128
WC713342,0.997675
WC713343,0.002582
WC713344,0.000756
WC713345,0.001463
WC713346,0.000194
WC713347,0.004311
WC713348,0.000375
WC713349,0.000293
WC713350,0.065902
WC713351,0.000264
WC713352,0.000228
WC713353,0.000157
WC713354,0.000119
WC713355,0.004202
WC713356,0.000229
WC713357,0.002717
WC713358,0.000264
WC713359,0.041804
WC713360,0.000147
WC713361,0.003885
WC713362,0.43585
WC713363,0.00512
WC713364,0.007672
WC713365,0.000121
WC713366,0.000179
WC713367,0.132366
WC713368,0.043192
WC713369,0.000131
WC713370,0.000604
WC713371,0.057811
WC713372,0.048492
WC713373,0.000152
WC713374,0.0022
WC713375,0.000135
WC713376,0.000169
WC713377,0.000489
WC713378,0.001206
WC713379,0.000298
WC713380,0.00041
WC713381,0.000199
WC713382,0.006032
WC713383,0.000136
WC713384,0.000175
WC713385,0.000153
WC713386,0.000161
WC713387,0.000126
WC713388,0.000304
WC713389,0.00241
WC713390,0.000181
WC713391,0.000306
WC713392,0.89814
WC713393,0.001111
WC713394,0.000465
WC713395,0.000293
WC713396,0.000124
WC713397,0.203639
WC713398,0.000136
WC713399,0.000106
WC713400,0.054976
WC713401,0.000505
WC713402,0.000204
WC713403,0.506052
WC713404,0.002251
WC713405,0.005472
WC713406,0.002051
WC713407,0.000195
WC713408,9.6e-05
WC713409,0.00016
WC713410,0.000255
WC713411,0.003116
WC713412,0.000129
WC713413,0.484822
WC713414,0.000236
WC713415,0.000198
WC713416,5.1e-05
WC713417,0.028162
WC713418,0.727806
WC713419,0.000296
WC713420,0.005194
WC713421,0.000577
WC713422,0.000183
WC713423,0.004371
WC713424,0.000517
WC713425,0.000174
WC713426,0.000189
WC713427,0.00538
WC713428,0.00012
WC713429,0.004029
WC713430,0.000185
WC713431,0.000132
WC713432,8.7e-05
WC713433,0.00985
WC713434,0.000228
WC713435,0.007053
WC713436,0.000142
WC713437,0.000149
WC713438,0.003234
WC713439,0.778075
WC713440,0.105267
WC713441,6.2e-05
WC713442,0.001373
WC713443,0.00021
WC713444,0.002035
WC713445,0.088282
WC713446,0.000195
WC713447,0.000121
WC713448,0.000294
WC713449,0.037623
WC713450,0.000189
WC713451,0.00019
WC713452,0.205483
WC713453,0.000158
WC713454,0.002316
WC713455,0.764929
WC713456,0.000889
WC713457,0.002394
WC713458,0.000156
WC713459,0.004874
WC713460,0.000269
WC713461,0.005306
WC713462,0.000264
WC713463,8e-05
WC713464,0.001709
WC713465,0.000627
WC713466,0.000187
WC713467,0.000246
WC713468,0.000326
WC713469,0.000185
WC713470,0.000172
WC713471,0.00021
WC713472,0.000186
WC713473,0.894554
WC713474,7.2e-05
WC713475,0.000188
WC713476,0.003123
WC713477,0.003748
WC713478,5.5e-05
WC713479,0.000137
WC713480,0.00018
WC713481,0.029867
WC713482,0.000173
WC713483,0.000126
WC713484,0.000771
WC713485,0.071922
WC713486,0.000246
WC713487,0.000143
WC713488,0.000139
WC713489,0.0002
WC713490,0.002617
WC713491,0.000335
WC713492,0.150156
WC713493,0.005505
WC713494,0.000151
WC713495,0.000178
WC713496,0.000217
WC713497,0.933336
WC713498,0.002259
WC713499,0.002138
WC713500,0.000145
WC713501,0.000174
WC713502,0.000246
WC713503,0.000188
WC713504,0.000114
WC713505,0.000292
WC713506,0.005552
WC713507,0.072561
WC713508,0.37621
WC713509,0.000157
WC713510,0.000155
WC713511,0.000268
WC713512,0.000182
WC713513,0.000264
WC713514,0.990948
WC713515,0.624113
WC713516,0.000244
WC713517,0.000337
WC713518,0.000141
WC713519,0.000195
WC713520,0.000121
WC713521,9.4e-05
WC713522,0.000247
WC713523,0.000829
WC713524,0.000158
WC713525,0.000459
WC713526,0.000841
WC713527,0.000252
WC713528,0.405198
WC713529,0.0003
WC713530,0.000894
WC713531,0.001779
WC713532,8.7e-05
WC713533,0.01045
WC713534,0.752454
WC713535,0.002113
WC713536,0.000492
WC713537,0.000202
WC713538,0.000161
WC713539,0.000635
WC713540,0.005975
WC713541,0.002252
WC713542,0.000579
WC713543,0.000148
WC713544,0.00024
WC713545,0.000213
WC713546,0.969344
WC713547,0.002241
WC713548,0.000105
WC713549,7.2e-05
WC713550,0.000555
WC713551,0.097103
WC713552,0.000731
WC713553,0.005133
WC713554,0.000329
WC713555,0.0015
WC713556,0.001897
WC713557,9e-05
WC713558,0.104056
WC713559,0.000171
WC713560,0.000248
WC713561,0.002788
WC713562,0.002218
WC713563,0.003474
WC713564,0.000121
WC713565,0.000997
WC713566,0.000121
WC713567,6.7e-05
WC713568,0.002284
WC713569,0.000357
WC713570,0.000164
WC713571,0.987411
WC713572,0.000189
WC713573,0.999282
WC713574,8.3e-05
WC713575,0.000474
WC713576,0.000385
WC713577,6.2e-05
WC713578,0.004501
WC713579,0.000235
WC713580,0.000252
WC713581,0.154143
WC713582,0.004783
WC713583,0.000315
WC713584,0.00723
WC713585,0.075589
WC713586,0.00558
WC713587,0.001117
WC713588,0.004552
WC713589,0.001534
WC713590,0.00032
WC713591,0.000225
WC713592,7.3e-05
WC713593,0.000249
WC713594,0.000725
WC713595,0.002052
WC713596,0.000194
WC713597,0.000534
WC713598,0.000218
WC713599,7.6e-05
