partner_id,city,onboarded_date,partner_type
SP3033,Bhopal,2023-08-18,authorised_service_centre
SP3032,Jaipur,2023-03-13,franchise
SP3265,Pune,2022-03-14,authorised_service_centre
SP3249,Jaipur,2022-06-17,authorised_service_centre
SP3086,Lucknow,2024-06-15,franchise
SP3006,Jaipur,2023-07-20,freelance_technician
SP3237,Bhopal,2024-02-20,freelance_technician
SP3352,Jaipur,2023-10-10,freelance_technician
SP3104,Lucknow,2021-07-11,authorised_service_centre
SP3016,Hubballi,2022-06-14,franchise
SP3064,Coimbatore,2021-06-08,freelance_technician
SP3356,Kota,2021-12-14,authorised_service_centre
SP3101,Hubballi,2021-12-08,franchise
SP3087,Chennai,2022-10-10,authorised_service_centre
SP3261,Mumbai,2024-06-23,freelance_technician
SP3088,Aurangabad,2025-02-28,authorised_service_centre
SP3029,Aurangabad,2021-06-27,authorised_service_centre
SP3259,Mysuru,2021-12-16,authorised_service_centre
SP3266,Kota,2024-10-20,franchise
SP3193,Mysuru,2025-01-06,authorised_service_centre
SP3145,Bhopal,2023-08-01,franchise
SP3018,Nagpur,2025-02-27,authorised_service_centre
SP3204,Bengaluru,2024-07-08,authorised_service_centre
SP3062,Nashik,2021-08-22,authorised_service_centre
SP3058,Lucknow,2023-11-19,freelance_technician
SP3197,Nashik,2023-03-01,franchise
SP3034,Bengaluru,2024-07-29,authorised_service_centre
SP3359,Warangal,2023-05-15,authorised_service_centre
SP3113,Aurangabad,2022-09-08,authorised_service_centre
SP3333,Bhopal,2023-03-25,authorised_service_centre
SP3076,Delhi,2023-10-21,franchise
SP3351,Jaipur,2024-10-18,franchise
SP3004,Nagpur,2021-09-25,authorised_service_centre
SP3182,Delhi,2022-09-21,franchise
SP3019,Hyderabad,2023-09-27,authorised_service_centre
SP3031,Jaipur,2024-03-23,franchise
SP3207,Hyderabad,2022-02-23,franchise
SP3370,Pune,2022-10-30,authorised_service_centre
SP3012,Mumbai,2024-08-16,franchise
SP3247,Indore,2023-01-05,franchise
SP3195,Pune,2021-06-29,authorised_service_centre
SP3022,Nagpur,2023-12-15,franchise
SP3026,Delhi,2021-12-03,freelance_technician
SP3155,Coimbatore,2023-10-01,authorised_service_centre
SP3154,Kota,2022-01-18,authorised_service_centre
SP3082,Jaipur,2024-08-06,authorised_service_centre
SP3242,Chennai,2021-12-20,authorised_service_centre
SP3212,Kota,2024-02-28,franchise
SP3192,Mumbai,2021-10-18,franchise
SP3350,Hubballi,2023-02-20,franchise
SP3185,Warangal,2022-04-23,authorised_service_centre
SP3196,Aurangabad,2021-07-10,franchise
SP3372,Lucknow,2024-04-04,franchise
SP3225,Coimbatore,2021-09-19,authorised_service_centre
SP3334,Jaipur,2022-01-12,franchise
SP3122,Hubballi,2024-03-20,authorised_service_centre
SP3349,Warangal,2023-07-24,freelance_technician
SP3338,Bhopal,2024-04-13,franchise
SP3188,Jaipur,2021-08-07,authorised_service_centre
SP3008,Nagpur,2023-10-27,freelance_technician
SP3282,Warangal,2023-05-15,franchise
SP3329,Mumbai,2022-07-20,authorised_service_centre
SP3332,Aurangabad,2022-08-05,franchise
SP3314,Hubballi,2021-10-04,franchise
SP3373,Nagpur,2022-03-10,franchise
SP3267,Pune,2023-03-23,authorised_service_centre
SP3263,Indore,2024-09-18,franchise
SP3230,Jaipur,2022-09-10,franchise
SP3260,Nagpur,2024-07-23,franchise
SP3063,Chennai,2022-02-23,authorised_service_centre
SP3253,Kota,2024-08-26,franchise
SP3323,Mumbai,2024-05-25,franchise
SP3078,Chennai,2023-06-03,authorised_service_centre
SP3147,Chennai,2022-04-02,authorised_service_centre
SP3298,Mysuru,2023-02-27,franchise
SP3128,Lucknow,2023-11-20,freelance_technician
SP3040,Nashik,2023-05-20,franchise
SP3205,Nashik,2023-12-26,authorised_service_centre
SP3131,Pune,2025-01-20,franchise
SP3331,Chennai,2023-07-29,authorised_service_centre
SP3024,Coimbatore,2023-02-16,franchise
SP3151,Jaipur,2024-06-08,freelance_technician
SP3125,Nashik,2023-04-14,franchise
SP3227,Warangal,2024-12-19,authorised_service_centre
SP3137,Nagpur,2022-08-14,franchise
SP3308,Delhi,2024-11-20,authorised_service_centre
SP3139,Jaipur,2021-09-09,freelance_technician
SP3268,Nagpur,2023-03-09,franchise
SP3342,Nagpur,2023-08-04,authorised_service_centre
SP3065,Lucknow,2022-07-29,franchise
SP3234,Aurangabad,2024-05-12,authorised_service_centre
SP3083,Coimbatore,2023-04-20,franchise
SP3163,Indore,2025-01-07,authorised_service_centre
SP3358,Mumbai,2023-01-02,freelance_technician
SP3060,Delhi,2022-09-02,authorised_service_centre
SP3001,Jaipur,2022-05-17,authorised_service_centre
SP3304,Bhopal,2023-05-17,authorised_service_centre
SP3075,Kota,2023-09-10,authorised_service_centre
SP3290,Nagpur,2022-03-15,franchise
SP3276,Hubballi,2024-05-23,authorised_service_centre
SP3092,Hubballi,2023-11-11,freelance_technician
SP3070,Pune,2023-07-25,franchise
SP3337,Hyderabad,2024-03-19,franchise
SP3178,Aurangabad,2022-08-25,authorised_service_centre
SP3325,Mumbai,2022-12-16,authorised_service_centre
SP3041,Jaipur,2022-06-04,authorised_service_centre
SP3015,Lucknow,2024-10-21,freelance_technician
SP3028,Bengaluru,2023-01-21,authorised_service_centre
SP3042,Jaipur,2023-05-22,franchise
SP3175,Aurangabad,2024-10-09,authorised_service_centre
SP3367,Mumbai,2024-08-23,franchise
SP3079,Indore,2023-07-23,authorised_service_centre
SP3177,Coimbatore,2022-08-12,authorised_service_centre
SP3043,Aurangabad,2021-12-14,authorised_service_centre
SP3246,Kota,2022-12-15,freelance_technician
SP3168,Kota,2021-08-23,authorised_service_centre
SP3258,Chennai,2022-03-22,authorised_service_centre
SP3306,Warangal,2024-04-26,freelance_technician
SP3210,Chennai,2022-10-24,authorised_service_centre
SP3264,Hyderabad,2024-11-30,authorised_service_centre
SP3303,Mysuru,2025-01-20,franchise
SP3106,Kota,2023-04-17,authorised_service_centre
SP3324,Hyderabad,2022-11-04,authorised_service_centre
SP3179,Hubballi,2021-10-05,authorised_service_centre
SP3327,Hyderabad,2022-01-22,franchise
SP3215,Aurangabad,2021-08-14,freelance_technician
SP3320,Pune,2023-05-10,franchise
SP3254,Hyderabad,2024-07-29,authorised_service_centre
SP3142,Chennai,2021-06-28,authorised_service_centre
SP3130,Nashik,2022-04-25,franchise
SP3292,Nashik,2024-01-04,authorised_service_centre
SP3143,Bengaluru,2022-06-10,franchise
SP3257,Indore,2022-08-15,authorised_service_centre
SP3036,Bengaluru,2024-12-24,franchise
SP3084,Mysuru,2023-11-12,franchise
SP3347,Delhi,2022-05-31,franchise
SP3103,Jaipur,2022-07-27,franchise
SP3335,Nashik,2021-10-23,authorised_service_centre
SP3116,Jaipur,2023-12-22,authorised_service_centre
SP3219,Lucknow,2025-01-17,franchise
SP3277,Lucknow,2024-01-08,franchise
SP3159,Kota,2023-11-15,freelance_technician
SP3214,Coimbatore,2024-08-12,freelance_technician
SP3003,Indore,2024-12-15,freelance_technician
SP3275,Coimbatore,2022-02-19,freelance_technician
SP3262,Aurangabad,2023-04-27,freelance_technician
SP3189,Bengaluru,2024-07-20,franchise
SP3052,Warangal,2021-06-09,freelance_technician
SP3321,Delhi,2024-04-27,authorised_service_centre
SP3202,Mumbai,2024-12-08,freelance_technician
SP3238,Lucknow,2023-09-23,freelance_technician
SP3186,Kota,2023-12-12,freelance_technician
SP3371,Hubballi,2023-01-20,authorised_service_centre
SP3053,Aurangabad,2023-06-01,franchise
SP3271,Mumbai,2023-02-09,authorised_service_centre
SP3309,Kota,2022-08-08,franchise
SP3109,Nagpur,2021-10-14,authorised_service_centre
SP3376,Mysuru,2023-04-08,franchise
SP3209,Indore,2023-07-16,authorised_service_centre
SP3119,Indore,2021-11-25,authorised_service_centre
SP3099,Pune,2024-01-10,franchise
SP3144,Jaipur,2024-11-16,franchise
SP3222,Warangal,2024-04-17,authorised_service_centre
SP3158,Bhopal,2023-04-02,authorised_service_centre
SP3114,Delhi,2022-02-10,freelance_technician
SP3132,Lucknow,2021-07-04,freelance_technician
SP3345,Bhopal,2022-03-23,authorised_service_centre
SP3274,Nagpur,2022-07-02,franchise
SP3005,Lucknow,2024-08-30,authorised_service_centre
SP3080,Jaipur,2023-12-02,authorised_service_centre
SP3056,Mysuru,2024-04-01,authorised_service_centre
SP3162,Lucknow,2024-12-28,authorised_service_centre
SP3330,Pune,2022-03-15,authorised_service_centre
SP3102,Hyderabad,2024-11-27,authorised_service_centre
SP3066,Jaipur,2021-08-11,franchise
SP3343,Nashik,2022-01-22,authorised_service_centre
SP3117,Bhopal,2023-06-17,authorised_service_centre
SP3165,Nagpur,2021-08-23,franchise
SP3363,Hyderabad,2023-10-30,freelance_technician
SP3355,Aurangabad,2022-11-07,authorised_service_centre
SP3296,Indore,2022-01-23,authorised_service_centre
SP3169,Nashik,2021-08-19,freelance_technician
SP3299,Bengaluru,2024-04-19,authorised_service_centre
SP3127,Aurangabad,2023-04-27,authorised_service_centre
SP3310,Lucknow,2025-01-15,franchise
SP3074,Bhopal,2025-01-23,authorised_service_centre
SP3220,Coimbatore,2021-10-19,freelance_technician
SP3280,Coimbatore,2022-01-03,authorised_service_centre
SP3341,Bengaluru,2025-01-17,freelance_technician
SP3200,Mumbai,2022-12-10,freelance_technician
SP3094,Kota,2023-09-07,authorised_service_centre
SP3134,Bengaluru,2024-09-12,authorised_service_centre
SP3108,Hubballi,2023-02-23,freelance_technician
SP3289,Nagpur,2021-06-02,authorised_service_centre
SP3198,Kota,2024-06-16,franchise
SP3278,Bhopal,2024-01-18,franchise
SP3201,Jaipur,2023-12-09,authorised_service_centre
SP3051,Bengaluru,2022-03-14,authorised_service_centre
SP3138,Indore,2022-12-16,authorised_service_centre
SP3100,Coimbatore,2024-02-09,franchise
SP3176,Chennai,2022-09-28,franchise
SP3013,Chennai,2021-07-08,franchise
SP3281,Bengaluru,2023-09-25,franchise
SP3217,Mumbai,2024-09-14,freelance_technician
SP3069,Mumbai,2023-05-05,authorised_service_centre
SP3248,Hyderabad,2022-07-14,franchise
SP3361,Aurangabad,2022-03-18,authorised_service_centre
SP3354,Indore,2022-12-16,authorised_service_centre
SP3377,Jaipur,2024-11-11,authorised_service_centre
SP3166,Pune,2021-07-23,freelance_technician
SP3378,Hubballi,2023-01-14,authorised_service_centre
SP3312,Delhi,2024-10-27,franchise
SP3379,Hubballi,2023-08-26,franchise
SP3161,Warangal,2024-01-06,franchise
SP3047,Delhi,2023-04-14,freelance_technician
SP3190,Lucknow,2024-12-10,franchise
SP3023,Chennai,2022-05-21,authorised_service_centre
SP3146,Mumbai,2023-07-28,authorised_service_centre
SP3317,Chennai,2022-11-11,authorised_service_centre
SP3089,Bengaluru,2024-06-30,authorised_service_centre
SP3055,Warangal,2024-07-21,freelance_technician
SP3067,Mysuru,2024-02-09,franchise
SP3322,Hyderabad,2022-04-17,freelance_technician
SP3098,Nashik,2022-01-20,franchise
SP3240,Kota,2022-06-10,freelance_technician
SP3073,Chennai,2023-10-23,freelance_technician
SP3255,Mumbai,2024-11-14,franchise
SP3135,Pune,2023-08-07,franchise
SP3301,Hubballi,2024-05-01,freelance_technician
SP3021,Coimbatore,2022-04-02,authorised_service_centre
SP3112,Chennai,2024-08-07,franchise
SP3095,Bhopal,2021-11-17,franchise
SP3049,Mysuru,2024-11-15,franchise
SP3030,Bhopal,2023-03-09,franchise
SP3164,Warangal,2022-04-28,freelance_technician
SP3211,Kota,2021-08-28,freelance_technician
SP3293,Indore,2022-05-24,franchise
SP3213,Chennai,2021-06-17,authorised_service_centre
SP3216,Kota,2023-04-29,freelance_technician
SP3121,Jaipur,2021-10-08,franchise
SP3093,Warangal,2025-02-16,franchise
SP3110,Aurangabad,2023-05-06,franchise
SP3235,Jaipur,2021-12-23,freelance_technician
SP3326,Delhi,2022-03-05,freelance_technician
SP3046,Coimbatore,2023-07-23,authorised_service_centre
SP3368,Coimbatore,2024-06-13,authorised_service_centre
SP3272,Mysuru,2023-07-26,freelance_technician
SP3285,Indore,2023-09-30,authorised_service_centre
SP3302,Kota,2024-07-14,franchise
SP3157,Kota,2023-03-11,freelance_technician
SP3199,Nashik,2021-09-14,authorised_service_centre
SP3273,Delhi,2025-02-23,franchise
SP3173,Chennai,2025-02-06,franchise
SP3136,Pune,2022-03-03,authorised_service_centre
SP3017,Mysuru,2022-11-20,franchise
SP3366,Hubballi,2021-10-03,franchise
SP3167,Hyderabad,2022-12-22,authorised_service_centre
SP3171,Lucknow,2024-01-25,freelance_technician
SP3288,Delhi,2022-10-26,franchise
SP3181,Indore,2024-10-23,authorised_service_centre
SP3068,Kota,2023-12-17,freelance_technician
SP3284,Jaipur,2022-04-23,authorised_service_centre
SP3120,Mumbai,2022-12-15,freelance_technician
SP3374,Lucknow,2021-11-11,authorised_service_centre
SP3336,Delhi,2021-11-09,freelance_technician
SP3002,Indore,2024-01-19,freelance_technician
SP3203,Hubballi,2023-12-09,freelance_technician
SP3172,Warangal,2021-06-03,authorised_service_centre
SP3206,Indore,2021-11-07,authorised_service_centre
SP3097,Delhi,2025-01-25,franchise
SP3180,Hyderabad,2024-10-09,authorised_service_centre
SP3369,Delhi,2023-06-28,franchise
SP3111,Lucknow,2023-03-21,authorised_service_centre
SP3081,Hubballi,2023-12-26,freelance_technician
SP3365,Chennai,2023-09-10,authorised_service_centre
SP3126,Hyderabad,2025-03-02,authorised_service_centre
SP3297,Hubballi,2024-02-21,authorised_service_centre
SP3054,Nagpur,2022-12-18,franchise
SP3140,Mumbai,2025-02-27,authorised_service_centre
SP3218,Lucknow,2024-10-06,authorised_service_centre
SP3123,Kota,2023-12-01,authorised_service_centre
SP3148,Delhi,2024-06-07,authorised_service_centre
SP3251,Mysuru,2023-07-29,authorised_service_centre
SP3061,Mysuru,2023-08-11,authorised_service_centre
SP3279,Nashik,2023-09-30,authorised_service_centre
SP3071,Coimbatore,2022-08-17,franchise
SP3035,Warangal,2025-02-07,freelance_technician
SP3153,Jaipur,2023-03-29,authorised_service_centre
SP3077,Chennai,2023-09-18,authorised_service_centre
SP3244,Mysuru,2022-02-02,authorised_service_centre
SP3291,Delhi,2021-12-11,franchise
SP3124,Pune,2023-01-15,authorised_service_centre
SP3133,Hyderabad,2023-05-03,authorised_service_centre
SP3038,Nashik,2021-07-02,franchise
SP3340,Mumbai,2021-09-12,authorised_service_centre
SP3339,Aurangabad,2022-12-16,franchise
SP3020,Mysuru,2024-10-16,authorised_service_centre
SP3208,Aurangabad,2022-04-21,authorised_service_centre
SP3141,Warangal,2024-11-27,franchise
SP3348,Hubballi,2023-01-27,franchise
SP3045,Warangal,2024-05-30,freelance_technician
SP3228,Pune,2021-08-11,freelance_technician
SP3328,Bengaluru,2023-03-29,franchise
SP3360,Mumbai,2022-11-18,franchise
SP3091,Lucknow,2025-01-19,authorised_service_centre
SP3072,Nashik,2021-09-18,authorised_service_centre
SP3183,Nagpur,2024-05-09,authorised_service_centre
SP3152,Aurangabad,2024-05-16,franchise
SP3269,Delhi,2024-02-04,franchise
SP3025,Chennai,2025-01-18,franchise
SP3187,Kota,2022-11-07,authorised_service_centre
SP3096,Bhopal,2021-10-02,freelance_technician
SP3044,Nagpur,2021-06-17,freelance_technician
SP3243,Hubballi,2023-01-24,franchise
SP3250,Chennai,2023-04-07,authorised_service_centre
SP3241,Delhi,2023-12-02,franchise
SP3150,Mysuru,2024-11-22,authorised_service_centre
SP3057,Warangal,2023-08-09,authorised_service_centre
SP3362,Warangal,2023-05-08,freelance_technician
SP3364,Mumbai,2022-10-31,authorised_service_centre
SP3224,Bengaluru,2026-03-10,authorised_service_centre
SP3115,Hyderabad,2026-01-25,franchise
SP3059,Hubballi,2025-12-05,authorised_service_centre
SP3357,Warangal,2026-08-27,authorised_service_centre
SP3245,Lucknow,2026-01-01,franchise
SP3295,Aurangabad,2026-03-02,franchise
SP3156,Indore,2026-06-03,freelance_technician
SP3170,Indore,2026-03-27,franchise
SP3346,Kota,2026-06-15,franchise
SP3221,Jaipur,2025-12-11,freelance_technician
SP3307,Indore,2026-06-29,franchise
SP3315,Jaipur,2025-11-21,franchise
SP3311,Nashik,2025-12-12,authorised_service_centre
SP3316,Nashik,2026-07-31,franchise
SP3027,Pune,2025-12-03,freelance_technician
SP3129,Chennai,2026-01-19,authorised_service_centre
SP3286,Mysuru,2026-06-04,authorised_service_centre
SP3375,Bhopal,2026-04-04,authorised_service_centre
SP3305,Delhi,2026-03-21,franchise
SP3160,Pune,2025-12-27,authorised_service_centre
SP3037,Delhi,2026-07-15,authorised_service_centre
SP3010,Bengaluru,2026-02-28,authorised_service_centre
SP3353,Hyderabad,2026-04-14,authorised_service_centre
SP3105,Hubballi,2025-12-17,franchise
SP3233,Nagpur,2026-03-18,freelance_technician
SP3270,Mysuru,2026-06-08,franchise
SP3174,Chennai,2026-03-18,freelance_technician
SP3048,Chennai,2025-11-16,freelance_technician
SP3231,Bengaluru,2026-03-13,franchise
SP3191,Pune,2026-07-16,authorised_service_centre
SP3283,Hubballi,2026-04-29,franchise
SP3229,Kota,2026-07-27,franchise
SP3090,Mysuru,2026-07-20,freelance_technician
SP3149,Hyderabad,2026-05-15,franchise
SP3011,Coimbatore,2026-04-27,authorised_service_centre
SP3000,Hubballi,2026-04-21,authorised_service_centre
SP3313,Nagpur,2026-04-22,franchise
SP3085,Hubballi,2026-01-20,franchise
SP3107,Jaipur,2026-05-13,freelance_technician
SP3050,Aurangabad,2026-02-01,authorised_service_centre
SP3223,Hubballi,2026-04-17,authorised_service_centre
SP3287,Mumbai,2026-07-17,authorised_service_centre
SP3236,Hubballi,2026-07-27,authorised_service_centre
SP3344,Kota,2026-07-27,franchise
SP3009,Mysuru,2026-01-12,authorised_service_centre
SP3239,Hubballi,2025-12-27,franchise
SP3039,Bhopal,2025-12-29,authorised_service_centre
SP3226,Hyderabad,2025-11-12,authorised_service_centre
SP3007,Jaipur,2026-01-05,authorised_service_centre
SP3194,Lucknow,2025-12-28,franchise
SP3118,Pune,2026-06-03,authorised_service_centre
SP3300,Warangal,2026-07-29,freelance_technician
SP3294,Nashik,2026-04-06,authorised_service_centre
SP3014,Aurangabad,2026-03-09,authorised_service_centre
SP3256,Chennai,2026-04-26,authorised_service_centre
SP3318,Hubballi,2025-12-06,franchise
SP3184,Nagpur,2026-07-08,authorised_service_centre
SP3232,Jaipur,2025-11-26,authorised_service_centre
SP3319,Warangal,2026-02-11,franchise
SP3252,Bengaluru,2026-06-27,franchise
